FILM_ID,FILM_TITLE,FILM_RATING_SCALED,ALGO_SCORE
f_01ZLI,Jumanji,2.577433628318584,3.4985002740558118
f_01UTC,Fatal Attraction,3.845744680851064,3.1635400679301826
f_020E4,Punch-Drunk Love,3.067813765182186,3.741294133461965
f_01TBi,Altered States,4.101063829787234,3.966784083230675
f_0099A,The Skin I Live In,2.944331983805668,3.948159836004084
f_023zw,"Synecdoche, New York",4.066489361702128,3.8563550394282906
f_0lac8,Bait,4.319306930693069,3.5240795542328334
f_020Z2,There Will Be Blood,4.928571428571429,4.703392529361998
f_0iE9i,The Hunt,3.5024271844660197,3.166093692406521
f_0kOf0,Ready or Not,3.707928802588997,4.201936348223613
f_0fBkw,The Nun,4.047872340425532,2.4424288732297907
f_01yIM,Paranormal Activity,2.9078947368421053,2.7133867657119204
f_01Z5C,The Faculty,3.1831983805668016,3.642273198820333
f_0ilUk,Sea Fever,3.5477346278317152,3.238426923994611
f_0mHJw,Spiral,3.387540453074433,2.885705802707318
f_00GZE,Dredd,3.973404255319149,3.787541488061264
f_02588,I Know What You Did Last Summer,3.015182186234818,2.970411046806816
f_02cBG,The Master,4.86734693877551,4.196873184101612
f_01AMG,Polytechnique,3.557443365695793,3.927567781440868
f_05hla,Inherent Vice,4.403465346534653,3.507179442305972
f_0iWDU,Babyteeth,3.9574468085106393,2.8559085059061182
f_02cB2,Pacific Rim,4.75,4.315746510035884
f_026uk,Dark City,4.095744680851064,4.065432719469143
f_01ZKA,The Blob,2.4623893805309733,2.845701053604769
f_01YnK,Darkman,4.026595744680851,4.415876629903654
f_0e4uc,Phantom Thread,4.857142857142857,3.9927228646627855
f_0071k,The Fifth Element,4.0212765957446805,3.5348534353598065
f_01Jzw,Drag Me to Hell,3.992021276595745,3.897296683105819
f_01Suq,Village of the Damned,2.998987854251012,3.486718109885409
f_01GGE,House of Wax,2.996963562753036,3.2979874199400947
f_01Wpu,Drop Dead Fred,3.88563829787234,2.395266779565281
f_01Ygk,Clueless,2.7682186234817814,2.850952773745508
f_0258i,Things to Come,3.274271844660194,2.725185015721488
f_0ejwW,Hotel Artemis,3.5250809061488675,2.8843481432340754
f_01XDi,Urban Legend,3.0172064777327936,2.6899940238210327
f_026uE,House of 1000 Corpses,4.790816326530612,3.757009251738776
f_02cCk,Django Unchained,4.806122448979592,4.491016795269093
f_01JzG,Inglourious Basterds,4.8520408163265305,5.360116646983592
f_06BLY,The Last Showing,1.0,2.461025575085942
f_01Yqu,Martyrs,4.25990099009901,3.678069140099491
f_02a3C,Silent Hill,3.3762135922330097,4.048106977024286
f_01Tlu,Ran,4.646039603960396,4.322163931412309
f_01qnG,The Ghoul,1.5984848484848484,2.3316864752421678
f_0ePzI,Ad Astra,4.831632653061225,3.952528716369047
f_01VCM,Henry: Portrait of a Serial Killer,3.418284789644013,3.658560614989125
f_01W7A,Perfect Blue,4.26980198019802,4.249935174201893
f_01a1u,The Interceptor,0.8392857142857143,0.0444226606672222
f_0071a,Metropolis,4.72029702970297,3.928752069445212
f_025Te,Frankenstein,4.284653465346534,3.561978966605938
f_01VoK,The Invisible Man,3.379449838187702,3.5705549267038816
f_01Efw,Jennifer's Body,3.914893617021277,3.0548976543703743
f_0hTha,Parasite,4.877551020408164,5.405944661623025
f_0azpY,Spider-Man: Into the Spider-Verse,4.887755102040816,4.515718387699476
f_02b0k,The Dark Knight,4.71039603960396,4.129698586211608
f_029FA,GoodFellas,4.055851063829787,4.9300775106451225
f_027Vw,The Empire Strikes Back,4.994897959183674,5.160490711983739
f_07bQA,Whiplash,4.801020408163265,4.220432334325261
f_02bf0,2001: A Space Odyssey,4.959183673469388,4.565466588934987
f_02a6Q,Rear Window,4.388613861386139,3.9286365687852696
f_02aHW,The Silence of the Lambs,4.954081632653061,4.3145704878384095
f_02awY,Alien,4.969387755102041,5.273851127695506
f_0294O,The Thing,4.9438775510204085,4.961886839506214
f_0072s,Star Wars,4.98469387755102,5.426209759589499
f_0201Q,The Lion King,4.373762376237623,3.960603888755101
f_02aHM,Fargo,4.00531914893617,3.584402187116344
f_02b8e,Back to the Future,4.836734693877551,4.027132265336196
f_01Y2i,Children of Men,4.685643564356436,5.178982713976273
f_006YK,Eternal Sunshine of the Spotless Mind,4.923469387755102,3.8785987360515497
f_029qA,Toy Story,4.537128712871287,5.668132582258869
f_0bYJQ,Coco,4.770408163265306,3.8238014590818663
f_02bbs,Raiders of the Lost Ark,4.811224489795919,4.210369297365298
f_028MA,The Departed,4.715346534653466,4.026176190972275
f_01skk,Inception,4.428217821782178,5.122352344478113
f_02DjO,Mad Max: Fury Road,4.846938775510204,4.894891970271846
f_0eOCm,Get Out,4.841836734693878,5.107288826386929
f_02ahY,Good Will Hunting,4.467821782178218,4.019109120581469
f_02bcA,Blade Runner,4.964285714285714,4.732641725171108
f_02a5e,Jaws,4.0611702127659575,4.220175872166884
f_087wo,It Follows,3.0212550607287447,3.835004450689862
f_02wRu,Halloween,4.547029702970297,4.883452629536407
f_024fs,Friday the 13th,4.226063829787234,3.971317763833437
f_01lcS,The Texas Chain Saw Massacre,4.502475247524752,3.699055835202417
f_01XXC,Friday the 13th Part 2,4.069148936170213,3.698531319978282
f_01UXk,Creature from the Black Lagoon,4.349009900990099,3.740044322187855
f_024EC,Scream,4.24468085106383,4.375930178560745
f_03GPq,Evil Dead,4.933673469387755,3.612077298928148
f_02192,Cloverfield,3.3050161812297736,4.556036081591371
f_01CgM,Orphan,3.550970873786408,3.3997749251574083
f_0dUu2,The Autopsy of Jane Doe,3.768617021276596,3.2583595598249318
f_01XWE,Friday the 13th: A New Beginning,2.9058704453441297,3.624875663629904
f_0buKa,Gerald's Game,3.738673139158576,3.41238533642848
f_01SNW,Suspiria,4.482673267326732,3.461163756293563
f_01ZfW,Hellbound: Hellraiser II,3.656148867313916,3.071901361035788
f_01Ys6,Candyman,4.556930693069307,3.704275151651311
f_0gW5u,Possum,3.6270226537216823,3.38914539721224
f_0jWEA,Knives Out,4.826530612244898,4.586554353150202
f_0jhxe,Midsommar,4.795918367346939,4.529184222641973
f_04VZ8,Interstellar,3.7063106796116494,6.134133557771808
f_08MHs,Black Panther,4.111702127659575,4.192246035356506
f_03C1m,The Wolf of Wall Street,3.423139158576052,3.530042710679218
f_0aNGk,Arrival,4.88265306122449,4.931703418914887
f_0icFU,The Lighthouse,4.913265306122449,4.592873086929503
f_0gnV6,Us,4.938775510204081,4.483335039121124
f_04vru,Star Wars: The Force Awakens,4.606435643564357,4.664151430499958
f_00Sw0,Black Swan,4.725247524752476,4.775670563521432
f_05xme,Star Wars: The Last Jedi,4.872448979591836,4.097655419475518
f_02a1m,The Matrix,4.948979591836735,4.407902495221308
f_07Piy,Logan,4.517326732673268,5.18402865449414
f_05xlK,Star Wars: The Rise of Skywalker,3.628640776699029,4.198653603818437
f_01VEo,WALL·E,4.775510204081633,3.61899963518675
f_02bcK,Memento,4.74009900990099,4.3160670196371775
f_02aA2,Jurassic Park,4.979591836734694,4.599934103050636
f_0aPvy,Rogue One: A Star Wars Story,4.892857142857143,5.22887971829076
f_0cY7Y,Godzilla: King of the Monsters,4.611386138613861,3.040545786862556
f_08BAU,The Lego Movie 2: The Second Part,2.867408906882591,3.0701406868101087
f_09yzm,Annihilation,4.443069306930693,3.788306148912019
f_0bGWs,Solo: A Star Wars Story,4.127659574468085,3.4989194050384214
f_0f0uE,Halloween,4.492574257425742,3.7653524368344375
f_0fb0K,A Ghost Story,4.735148514851486,3.748439772953245
f_09ewM,Kong: Skull Island,3.952127659574468,3.527577479362854
f_0buJm,Kingsman: The Golden Circle,2.980769230769231,3.1549151118342804
f_0ar0c,Beauty and the Beast,2.258849557522124,2.7137750678521946
f_0f0so,Apostle,4.132978723404255,3.429859309113576
f_09sDs,Jigsaw,3.776595744680851,2.936022743361989
f_0bkFu,Nocturnal Animals,4.344059405940594,3.2780921524554767
f_09AnW,The Neon Demon,4.178191489361702,3.340459670331428
f_07eJi,X-Men: Apocalypse,3.140688259109312,3.205668014396389
f_07GJg,The Conjuring 2,4.212765957446808,3.9990306061851486
f_0ae5I,The Purge: Election Year,3.896276595744681,3.2530403845354057
f_05lqS,Resident Evil: The Final Chapter,3.0111336032388665,3.327090743355893
f_0eRzg,Terrifier,4.125,2.937956383496477
f_08NY0,31,3.5622977346278315,2.8780136898224047
f_09X0m,The Witch,4.650990099009901,3.954179290171503
f_07T0y,Room,3.1346153846153846,3.558347145163281
f_04n0g,Jurassic World,3.63673139158576,4.016261087756789
f_097TE,Anomalisa,4.487623762376238,3.157016298720121
f_09kiw,Bone Tomahawk,4.601485148514851,3.918213900306376
f_08qZY,Legend,3.631877022653722,2.9222878796677447
f_0b5So,Circle,2.9787449392712557,3.3865202453844145
f_07TTS,Magic Mike XXL,1.3409090909090908,2.7952141167176534
f_07dEc,John Wick,4.199468085106383,4.017672251466111
f_06dxe,Kingsman: The Secret Service,3.5072815533980584,4.008808929324266
f_07eQy,What We Do in the Shadows,4.908163265306122,4.028993651639099
f_04pDO,The Lego Movie,4.660891089108911,3.498369915962143
f_04aRw,X-Men: Days of Future Past,4.452970297029703,4.11751672507924
f_04pD0,Edge of Tomorrow,4.074468085106383,4.3888074321903545
f_03XyQ,Dawn of the Planet of the Apes,4.918367346938775,4.500760954319487
f_07l4c,Creep,3.20748987854251,3.47671938207888
f_071zk,The Purge: Anarchy,3.9654255319148937,3.808840197762482
f_07l84,Annabelle,2.6261061946902653,2.7204164115851235
f_07eoa,Tusk,3.2985436893203883,2.309569324730224
f_00GZY,Gravity,4.655940594059406,4.432705608278956
f_03GNa,Frozen,3.763297872340425,3.5634787525512395
f_04sr2,The Conjuring,4.586633663366337,3.8511263642121767
f_04Xg0,The Purge,3.771276595744681,3.4637194851558037
f_02TFm,Warm Bodies,3.639967637540453,2.680265520561428
f_00H3m,The Dark Knight Rises,3.6124595469255674,4.287467902811573
f_02TT4,Les Misérables,2.179824561403509,3.4108442178294216
f_00ham,Looper,4.512376237623762,4.439169851073993
f_02TnW,Sinister,4.23936170212766,4.177691891527163
f_02qmK,Resident Evil: Retribution,3.2115384615384617,3.4536567716556696
f_02Tog,House at the End of the Street,2.839068825910932,2.336749184834667
f_00FOA,X-Men: First Class,4.175531914893617,3.998197305324987
f_02pTS,We Need to Talk About Kevin,4.398514851485149,3.828072684124392
f_00cS4,Rise of the Planet of the Apes,4.695544554455446,4.258527082591493
f_00fdo,Source Code,4.082446808510638,3.713339873074996
f_02z4g,Kill List,4.215425531914893,3.4838186406049445
f_02v50,The Inbetweeners Movie,2.77834008097166,2.7015275614906287
f_01RYu,Harry Potter and the Deathly Hallows: Part 1,3.5202265372168284,3.071535826048531
f_01WRy,How to Train Your Dragon,3.411812297734628,4.09353827667371
f_017DK,Easy A,3.0516194331983804,3.132235647791773
f_00H4k,Insidious,2.670353982300885,3.674477982704106
f_0169a,Grown Ups,1.5227272727272727,2.549265146782513
f_01d9m,Predators,4.314356435643564,3.7422800122409514
f_00Znk,Saw 3D,3.602750809061489,2.900247579347905
f_01bVo,Resident Evil: Afterlife,3.549352750809061,3.553968626419695
f_01WyQ,Fantastic Mr. Fox,3.58495145631068,4.063538348794009
f_01WQq,The Princess and the Frog,4.368811881188119,4.080716149848233
f_01Jnq,17 Again,3.0597165991902835,2.400151674779435
f_01QAw,Friday the 13th,2.8937246963562755,2.72655378778458
f_01yda,Halloween II,3.366504854368932,3.079647472450087
f_01A2y,Saw VI,3.6658576051779934,3.683448879262165
f_01PXY,Fanboys,2.9139676113360324,3.014588310012544
f_028dA,Iron Man,4.1888297872340425,3.754310109816053
f_01Zui,Twilight,2.7101769911504423,2.8952985866316525
f_020n8,In Bruges,4.438118811881188,3.965255725580189
f_01SMa,Saw V,3.657766990291262,2.9533850623206206
f_01W9m,Death Race,3.181174089068826,3.288950894996146
f_027ww,Ratatouille,3.787234042553192,4.786628186268123
f_0210a,Juno,3.0576923076923075,3.1634116912624397
f_01PcS,Sweeney Todd: The Demon Barber of Fleet Street,4.745049504950496,3.915202482702944
f_0275q,Eastern Promises,3.8218085106382977,4.278156549514728
f_028Xy,Sunshine,4.462871287128713,3.3904499578838294
f_027u6,Halloween,4.242021276595745,3.7862820797037022
f_029Sa,Saw IV,3.789893617021277,3.578334527393231
f_020Oy,Resident Evil: Extinction,3.638349514563106,3.310975357839157
f_02ans,Aliens vs Predator: Requiem,2.603982300884956,2.171899131125276
f_0293w,The Prestige,4.680693069306931,4.698583559140098
f_02bfk,Pirates of the Caribbean: Dead Man's Chest,3.748381877022654,3.9433308195796073
f_029cI,Mission: Impossible III,2.881578947368421,3.0735655551264904
f_01a5Q,X-Men: The Last Stand,3.2479757085020244,2.589023526314339
f_01Z40,Final Destination 3,3.3228155339805827,3.0784864147745736
f_02aRC,Saw III,4.3638613861386135,3.630164474419996
f_01XNC,The Hills Have Eyes,3.644822006472492,3.724315039262887
f_0293m,Dreamgirls,3.487864077669903,3.095308588160129
f_02aIg,Batman Begins,3.61084142394822,4.206788580209393
f_027US,Star Wars: Episode III – Revenge of the Sith,5.0,5.039944801157235
f_029Qo,Harry Potter and the Goblet of Fire,3.649676375404531,3.354662008017476
f_02bde,War of the Worlds,3.709546925566343,3.848316071393029
f_02aRs,Saw II,3.925531914893617,3.992320245358077
f_028Gs,Kingdom of Heaven,4.28960396039604,4.20514019388361
f_029Qy,Harry Potter and the Prisoner of Azkaban,3.6966019417475726,4.475041955914097
f_029J8,Shaun of the Dead,4.304455445544554,4.772763717147104
f_02aqw,The Life Aquatic with Steve Zissou,3.542880258899676,3.5420609213997056
f_02aWW,Saw,4.596534653465347,4.338921661335327
f_028HK,Hellboy,4.448019801980198,3.3771566911813986
f_006YA,Primer,4.626237623762377,3.46978897516571
f_027M0,The Butterfly Effect,3.703074433656958,3.191781197610346
f_026EE,The Bourne Supremacy,3.986702127659575,3.342396052747884
f_02atU,AVP: Alien vs. Predator,3.5542071197411005,2.9577174716789294
f_028yS,Resident Evil: Apocalypse,3.295307443365696,3.101815459740969
f_02anM,Cube Zero,2.918016194331984,2.623688613923649
f_0072i,Finding Nemo,3.8191489361702127,4.613844655234805
f_0070G,Pirates of the Caribbean: The Curse of the Black Pearl,4.8979591836734695,4.386399894640875
f_01a7i,X2,4.207446808510638,3.888122688780234
f_021FC,Freddy vs. Jason,3.552588996763754,4.3961237539730735
f_02aHs,Underworld,3.8297872340425534,3.176507583730318
f_01YSS,Final Destination 2,3.3033980582524274,2.964690230732746
f_01YQs,The Texas Chainsaw Massacre,4.191489361702128,3.2024425269932557
f_01Vtq,The Haunted Mansion,2.6570796460176997,2.5554037979811626
f_023y4,Gothika,3.17914979757085,3.0216662919154067
f_029QI,Harry Potter and the Chamber of Secrets,3.651294498381877,3.8003936372914566
f_027V2,Star Wars: Episode II – Attack of the Clones,4.665841584158416,4.046089807278161
f_02a8i,Spider-Man,4.571782178217822,4.6168437835672
f_01TAY,Lilo & Stitch,4.30940594059406,3.345119880142639
f_026EO,The Bourne Identity,3.98936170212766,3.718919826495214
f_028z2,Resident Evil,3.716019417475728,3.813424829185432
f_02bew,8 Mile,3.0374493927125505,3.2442848533506603
f_02aB0,Insomnia,3.732200647249191,3.979087664590982
f_026t2,Signs,4.172872340425532,3.7525892807038015
f_02bcq,Hero,4.245049504950496,3.758446367337998
f_0285G,Phone Booth,3.081983805668016,3.5432635396237897
f_01Z24,Ali G Indahouse,2.435840707964602,2.584128781800839
f_02anW,Cube 2: Hypercube,1.899122807017544,2.3804745004533547
f_029QS,Harry Potter and the Philosopher's Stone,3.648058252427184,3.610195691260298
f_02a46,"Monsters, Inc.",4.358910891089109,4.33883057493734
f_029zi,Shrek,3.5105177993527508,3.6079480959239394
f_01ZNa,Legally Blonde,2.0657894736842106,3.1017424231299184
f_028Li,The Devil's Backbone,4.22872340425532,4.316272446248217
f_01TM6,Jason X,4.170212765957447,3.2349210572277247
f_02b9m,Gladiator,4.457920792079208,4.690169978563489
f_01Tey,The Emperor's New Groove,4.007978723404255,3.390825220724534
f_01a7s,X-Men,3.743527508090615,3.738415843646584
f_01ZHQ,How the Grinch Stole Christmas,4.148936170212766,3.219864710139588
f_01YrC,Final Destination,2.72787610619469,3.1428756750097464
f_029cS,Mission: Impossible II,2.40929203539823,1.6457518058972227
f_027Vc,Star Wars: Episode I – The Phantom Menace,4.816326530612245,4.413314758203002
f_029qq,Toy Story 2,4.780612244897959,3.849651001657529
f_029Js,The Sixth Sense,4.223404255319149,4.0129615637982265
f_026ua,The Blair Witch Project,3.4457928802588995,3.0310979960127296
f_01WZW,Stuart Little,2.4269911504424777,2.6350169347117958
f_018YO,Tarzan,3.029352226720648,3.5068830804111397
f_02a7a,The Mummy,4.053191489361702,3.79107128048137
f_01Yyy,A Bug's Life,3.2532362459546924,3.701719904502464
f_01ZYM,Deep Impact,3.394012944983819,3.5006076056359143
f_01SJU,Bride of Chucky,4.25,3.1106945347696358
f_01XsY,Vampires,3.6529126213592233,3.6738364974914086
f_02a2k,Titanic,4.76530612244898,3.913139656994029
f_01SDW,Hercules,4.353960396039604,3.2225135004575174
f_020d8,Event Horizon,4.670792079207921,3.867361398710983
f_02aoU,Cube,3.66747572815534,3.817437417049971
f_020zI,Alien Resurrection,3.904255319148936,3.3223413038995555
f_023zm,Mimic,4.10904255319149,3.809071991781305
f_01YFk,Anastasia,3.563915857605178,3.337864875957972
f_029d2,Mission: Impossible,3.6949838187702255,2.885367018706614
f_02ama,Romeo + Juliet,4.037234042553192,2.878585001223904
f_01VhY,Matilda,3.251618122977346,3.3188562508011423
f_02as8,La Haine,4.862244897959184,4.371023583689314
f_01YYc,Ghost in the Shell,4.551980198019802,4.269160991910426
f_029rS,The Mask,3.9175531914893615,2.9672346807160848
f_029XO,Interview with the Vampire,3.8058510638297873,3.5894613251077483
f_01Yxq,The Crow,4.13563829787234,4.802120089162159
f_01V8i,The Little Rascals,2.8107287449392717,2.3461554198352563
f_01YzQ,The Nightmare Before Christmas,4.785714285714286,4.432718183935745
f_029Cw,Mrs. Doubtfire,3.508899676375405,3.455609889836013
f_02aBa,True Romance,4.576732673267327,3.1106592220585707
f_01TjS,Cronos,4.0638297872340425,3.883169039652064
f_026mq,Addams Family Values,4.641089108910891,3.4604194838294093
f_01WDc,Jason Goes to Hell: The Final Friday,3.440938511326861,2.7208219557898468
f_02awa,Batman Returns,3.848404255319149,3.9961383951685097
f_020zS,Alien³,4.180851063829787,3.1104147198647487
f_01YQi,Death Becomes Her,3.978723404255319,3.609496141819788
f_0267g,The Addams Family,3.920212765957447,3.608525616675516
f_029nQ,Hook,2.27212389380531,3.170299993207901
f_02aTS,Back to the Future Part III,3.539644012944984,3.5674919165019885
f_028gY,Misery,4.532178217821782,3.689425361128428
f_02aY4,Predator 2,4.162234042553192,3.274619296258055
f_02aLE,Ghost,2.830971659919028,3.13318856863879
f_01Swm,Dracula: Dead and Loving It,1.951754385964912,2.6633304457835814
f_02aYI,Back to the Future Part II,4.339108910891089,3.903450452496636
f_01WDm,Friday the 13th Part VIII: Jason Takes Manhattan,3.217611336032389,3.102014198779367
f_024QI,Beetlejuice,4.760204081632653,3.6122561212787727
f_020lm,They Live,4.581683168316832,4.123647588347271
f_01WDG,Friday the 13th Part VII: The New Blood,4.2313829787234045,3.505912560327057
f_01Zpi,Hellraiser,4.561881188118812,3.907486369440461
f_028DI,The Lost Boys,4.522277227722772,3.5172080283435743
f_02b84,Predator,4.507425742574258,4.32983987244325
f_01ZKq,Prince of Darkness,4.423267326732673,3.707676751080882
f_029PA,Aliens,4.974489795918367,4.621642974470335
f_01YIe,The Fly,4.903061224489796,4.700582468943471
f_021em,Big Trouble in Little China,3.6237864077669903,3.70504208847081
f_01POC,Labyrinth,3.3017799352750807,3.3897768694359285
f_01Vqm,Little Shop of Horrors,4.755102040816326,3.608340488378413
f_01WM4,Friday the 13th Part VI: Jason Lives,4.247340425531915,4.359642478959322
f_020dM,Day of the Dead,4.1063829787234045,4.2403937664129225
f_00g2w,Ghostbusters,3.3859223300970878,2.985291759862525
f_01XWO,Friday the 13th: The Final Chapter,3.779255319148936,4.220464952225086
f_027Vm,Return of the Jedi,4.989795918367347,4.543595790420953
f_02b7g,Scarface,4.018617021276596,3.890962167820813
f_01ZRQ,Christine,4.477722772277228,3.617612789971121
f_01XX8,Friday the 13th Part III,3.460355987055016,3.7891744701891934
f_029Go,The Evil Dead,3.7176375404530746,4.35353083032278
f_0294k,Escape from New York,3.9441489361702127,4.1240627501578
f_029yu,Airplane!,2.86336032388664,3.0373038233255247
f_029Cc,The Fog,4.5272277227722775,3.568299007957017
f_0217q,Zombie Flesh Eaters,3.922872340425532,3.222839725250247
f_01a3q,The Rocky Horror Picture Show,4.497524752475248,3.623957763289007
f_029gU,Dawn of the Dead,4.383663366336633,4.142514032177764
f_0296g,The French Connection,4.13031914893617,4.067447688067723
f_029p8,Planet of the Apes,4.236702127659575,4.224282655714845
f_028j4,Beneath the Planet of the Apes,3.2034412955465585,3.084319388014122
f_01MLK,The Sound of Music,4.156914893617022,3.0476022143052504
f_01WwA,Night of the Living Dead,4.2995049504950495,4.169318973254726
f_02aPc,Bride of Frankenstein,4.334158415841584,3.691341038603659
f_01PG4,The Wolf Man,3.0394736842105265,2.9562249882605567
f_01QDK,Kidulthood,2.338495575221239,2.986331569441514
f_01SpK,White Chicks,0.8035714285714286,2.765390399750528
f_0206m,Dumb and Dumber,3.126518218623482,3.153633990319328
f_01X3Y,The Aristocats,3.138663967611336,2.805145052053372
f_01XWu,The Lion King II: Simba's Pride,3.4037216828478964,2.6917344047603478
f_01HQU,Oliver!,2.519911504424779,2.874535986019044
f_01t1e,White Zombie,2.021929824561404,2.6609718657427326
f_01VQO,George of the Jungle,2.9544534412955468,1.9030110666943771
f_0dRpS,Prevenge,3.309870550161812,3.048056286568521
f_02a20,Sunset Boulevard,4.705445544554456,4.110248892156422
f_02b4m,Spirited Away,4.274752475247524,5.058114813924586
f_01ZHG,Wayne's World,2.964574898785425,2.987261355765501
f_01rIq,The Slumber Party Massacre,3.3567961165048543,2.7622632731015995
f_00EzY,Beyond the Black Rainbow,3.3519417475728157,3.300904906557476
f_0io92,Onward,3.75531914893617,3.052807385204292
f_01YT2,One Hour Photo,3.019230769230769,3.2004377764876093
f_01AfM,A Bucket of Blood,3.4101941747572817,3.177108399913481
f_01gVI,X: The Man with the X-Ray Eyes,3.853723404255319,3.665223108555888
f_09fLy,The Wailing,3.9680851063829783,4.46495314359247
f_07aRM,I Origins,3.33252427184466,3.4291536246149925
f_021QA,Reign of Fire,2.950404858299595,2.854750016898462
f_0fxu8,November,3.1062753036437245,3.237599608812409
f_01T44,This Is England,2.8876518218623484,3.6077632951471736
f_01QWs,Adulthood,0.8571428571428572,2.767991982773204
f_01ZVy,The League of Extraordinary Gentlemen,2.1973684210526314,3.1091735954850903
f_0bkQW,A Cure for Wellness,4.204787234042553,3.973136018756997
f_06xza,Coherence,3.371359223300971,3.640201454783488
f_0jk0C,Roald Dahl's The Witches,2.2898230088495577,2.3803258980656032
f_0apZi,The Boy,3.0313765182186234,2.79557911226341
f_01Efm,Avatar,4.4183168316831685,4.793932886242704
f_01QA2,Splinter,2.915991902834008,3.1245288459268155
f_01Zu8,The Tree of Life,4.050531914893617,3.815998756362792
f_0gmVE,Vivarium,2.030701754385965,3.1717910051717726
f_0iK78,Haunt,3.384304207119741,3.5364009777250187
f_02HlY,The Lucky One,1.0178571428571428,2.1928440616188505
f_02XMG,Excision,3.104251012145749,3.186762094188053
f_0fesW,Mayhem,3.466828478964401,3.232263194319801
f_0281k,Man on the Moon,2.3207964601769917,3.3477937129696147
f_01qUU,Brain Damage,2.798582995951417,3.328513609955454
f_01ZWw,Cannibal Ferox,2.2986725663716814,2.3402212347634834
f_0ce74,Ford v Ferrari,4.14095744680851,4.274648949539632
f_01c3M,Holiday in the Sun,0.7678571428571429,2.2606793780790646
f_02auI,12 Angry Men,4.700495049504951,4.308019226852051
f_0f5ow,Marjorie Prime,3.3309061488673137,3.55623862996489
f_0neiI,Antebellum,3.326051779935275,2.5626142605554025
f_01Dq4,Nightbreed,3.321197411003236,3.5689834422012936
f_0gHYu,Hagazussa,3.110323886639676,3.3662281404789893
f_01ow2,Chopping Mall,3.675566343042071,2.9931969317100178
f_0lCXQ,Palm Springs,4.631188118811881,3.3704236232430893
f_0i7Q4,Sound of Metal,3.882978723404255,3.859792331040272
f_0lnrU,Peninsula,1.969298245614035,2.911734069144579
f_0loRE,Promising Young Woman,3.633495145631068,3.5290026080388324
f_028sg,Liar Liar,2.824898785425101,2.805630068436286
f_01Q1w,The Monster Squad,3.0738866396761133,3.238843748782234
f_01FtY,The Beyond,3.888297872340425,3.3346147633965004
f_0fsJW,Possessor,4.6905940594059405,4.483368935678988
f_0jVM4,Run,3.0435222672064777,3.193271364543599
f_01uIe,The House of the Devil,2.75,3.8217533419995338
f_0kdAU,The Head Hunter,2.9524291497975708,3.15791687591941
f_09gv2,The Final Girls,3.489482200647249,2.9986336338916537
f_01XCO,The Princess Diaries,2.5376106194690267,2.9779106374945656
f_01UyY,The Princess Diaries 2: Royal Engagement,1.628787878787879,2.819399453591383
f_01qpW,Thumbelina,0.9107142857142858,2.2827138628106125
f_00EDm,The Help,3.426375404530744,3.6058214116082334
f_0mZ76,Blue Story,2.3429203539823007,2.537662152728345
f_0iYlS,Escape Room,2.992914979757085,3.028689837530829
f_0lnRy,Nomadland,4.2549504950495045,3.99840649772855
f_01PDa,Bottle Rocket,2.7601214574898787,2.995149861424874
f_01XVm,Demolition Man,3.5606796116504853,3.375092449269118
f_02asM,Basic Instinct,3.368122977346278,3.709815404900642
f_01SRE,Dog Soldiers,4.098404255319149,3.810945880511301
f_0gdK8,Sonic the Hedgehog,2.475663716814159,2.476238455493534
f_01TAO,Rushmore,2.782388663967611,4.029021212450165
f_0iijg,Prospect,4.029255319148936,3.161274464942988
f_01G4q,The Ninth Configuration,2.9949392712550607,3.351366462759916
f_01YPO,Thir13en Ghosts,2.7411504424778763,3.211647163461479
f_0czmE,The Funhouse Massacre,3.2936893203883493,2.6439353899403963
f_0lp7W,Random Acts of Violence,2.988866396761133,2.7236512181598567
f_02afy,Monster,3.752659574468085,3.1769342882045635
f_0jEwS,Relic,3.4635922330097086,3.3408045897549177
f_01YHU,The Royal Tenenbaums,4.031914893617022,3.8558379006136336
f_01o4s,Phenomena,3.090080971659919,3.827381128075974
f_020HW,Penelope,2.480088495575221,2.079750791177987
f_077a6,The Inbetweeners 2,2.780364372469636,2.422727111857093
f_028qk,Speed,3.9468085106382977,3.7730669308635023
f_05YPM,The Maze Runner,2.581858407079646,3.865303714400148
f_0k5mA,The Dead Center,3.6852750809061487,3.1153697912766414
f_01V88,The Little Mermaid II: Return to the Sea,0.9642857142857144,2.17754228213158
f_01Xgo,Honey,0.8928571428571429,2.212181314860077
f_0e0qK,Godzilla vs. Kong,4.294554455445544,3.385185171452372
f_02a70,The Ring,3.741909385113269,3.8617142386679033
f_01QHM,Return to Oz,2.25,2.9493035326502857
f_01Z2e,Monster House,2.984817813765182,2.576505786431662
f_01Tfm,Land of the Dead,3.3584142394822005,3.821496971712728
f_01YxA,Look Who's Talking,2.80668016194332,1.7331037816358847
f_01YTc,Look Who's Talking Too,1.431818181818182,1.4366717863511378
f_01SC0,Look Who's Talking Now!,0.9285714285714286,1.4011084780814622
f_02avQ,Raising Arizona,2.966599190283401,3.574182714244307
f_01xYa,Dead & Buried,3.1933198380566803,2.969307817041333
f_01ZbK,"To Wong Foo, Thanks for Everything! Julie Newmar",2.5287610619469025,3.1589885831397155
f_0l8QA,Saint Maud,3.3001618122977345,3.596158505065202
f_024ui,Atonement,4.27970297029703,3.3093200048737077
f_0gXcc,Dumplin',2.457964601769912,2.7041973645980857
f_020QE,Cocktail,0.875,1.8540033303841343
f_0ipjC,Luca,3.757978723404255,3.358367762326164
f_0d6Yw,Morgan,2.9119433198380564,2.644511106071538
f_01Vck,Atlantis: The Lost Empire,2.9564777327935223,3.3878736914464733
f_01yji,The Little Vampire,1.8552631578947367,2.6079451326357472
f_01Znm,Treasure Planet,3.99468085106383,4.024997495630503
f_0bbKg,Cruella,3.055668016194332,2.683642666668078
f_0hWV8,Black Widow,3.0718623481781377,3.0245751963635144
f_0igNS,Booksmart,3.9547872340425534,3.4504999268834227
f_0fof4,Dave Made a Maze,1.371212121212121,3.18655162847308
f_0erJk,Lady Macbeth,2.285398230088496,3.247995050837658
f_020ma,[REC],3.3616504854368934,3.748309552115614
f_01Y7W,She's the Man,1.9956140350877192,2.4973356571882865
f_02aYS,Breakfast at Tiffany's,2.1271929824561404,2.850714999178916
f_04Xgu,The Call,3.559061488673139,3.358456076856506
f_0fdFq,Captive State,3.171052631578948,3.801463806894606
f_01Fdm,Josie and the Pussycats,3.007085020242915,2.700938622746743
f_01U6g,The Dead Zone,3.3600323624595467,5.094389893370336
f_01TWq,Not Another Teen Movie,0.7857142857142858,2.5090592220938976
f_0k3M2,Synchronic,3.112348178137652,3.1757998465592574
f_0jFUm,Freaks,3.4441747572815533,2.9559417900048284
f_01I2c,Assault on Precinct 13,3.54126213592233,4.031183075980336
f_01OWK,Dead Silence,2.909919028340081,3.764175208557648
f_01Wxe,"Legally Blonde 2: Red, White & Blonde",1.446969696969697,1.8909001860373664
f_01rpI,Parents,2.3473451327433628,2.844378865437852
f_01T4e,Fright Night,4.045212765957447,3.167646148428965
f_020W8,Titan A.E.,3.4959546925566345,2.7149565755120477
f_0gnfO,Mamma Mia! Here We Go Again,1.3863636363636362,2.7686999870877127
f_0lLBk,Fear Street: 1994,2.962550607287449,2.850075163506312
f_0sxG0,Hunter Hunter,3.861702127659575,3.3541436347009466
f_07nWK,'71,3.4474110032362457,3.493828630234267
f_0kHFg,Candyman,4.393564356435643,3.425369161771981
f_01YDe,Deep Rising,3.457119741100324,3.793714099842867
f_00ZoM,Tetsuo: The Iron Man,3.499190938511327,4.087804771594042
f_037n2,Microwave Massacre,0.8214285714285714,1.7884370419485636
f_0lLBu,Fear Street: 1978,3.001012145748988,3.565877605756652
f_028Em,Office Space,3.4975728155339807,3.108025391090476
f_0kuy2,The Green Knight,3.933510638297872,3.893974969567672
f_01E1E,Deep Red,3.75,4.2006039814696985
f_01UeE,Halloween II,4.002659574468085,3.234551720858637
f_01VFc,Halloween III: Season of the Witch,2.9261133603238867,3.3610766104247247
f_01U2S,Halloween 4: The Return of Michael Myers,2.608407079646017,3.385502490789566
f_01U2e,Halloween 5: The Revenge of Michael Myers,1.6136363636363638,2.246136635620557
f_01GQa,The Stuff,3.1022267206477734,3.140134230243814
f_0gU16,Oxygen,3.976063829787234,3.2218584761035705
f_0lAok,Bliss,3.68042071197411,3.245124162867749
f_01cZQ,The Addiction,3.372977346278317,3.5196767664742064
f_0eXZY,The Conjuring: The Devil Made Me Do It,2.974696356275304,3.0906018129468387
f_01rWM,Lake Mungo,2.56858407079646,3.24240007199614
f_01BES,Cemetery Man,3.662621359223301,4.12204789775571
f_0cPX2,No Time to Die,4.023936170212766,3.69204610953869
f_0meXk,Spiral: From the Book of Saw,2.7367256637168142,3.389597211867226
f_0kOPW,The Guilty,2.440265486725664,2.940965436557395
f_01J9S,Crossroads,1.8464912280701755,1.91441752000552
f_0k8dm,Free Guy,2.9686234817813766,3.067356481145228
f_021PW,Coyote Ugly,2.316371681415929,2.167162066604837
f_01LzI,Night of the Creeps,4.202127659574468,3.86370687897404
f_01VRC,Kevin & Perry Go Large,1.4772727272727273,2.079011825548651
f_028vE,Meet the Parents,1.793859649122807,1.871960882248343
f_029NE,Meet the Fockers,1.2651515151515151,1.5496331782916948
f_01oNi,The House by the Cemetery,2.8552631578947367,3.0868956916258337
f_0erMS,ARQ,3.324433656957929,3.2644193685851546
f_01zvE,Trick 'r Treat,3.355177993527508,4.2691772906238405
f_01Xik,Ghosts of Mars,3.5558252427184467,2.8198443534615096
f_01Tpw,The Haunting,2.745575221238938,1.7659492728908437
f_0dSxe,Annabelle: Creation,4.093085106382979,3.5129550177761915
f_01TTG,House,2.334070796460177,2.8622232539465435
f_0iU5m,Annabelle Comes Home,4.058510638297872,2.693189353841827
f_0d3mE,The Lure,3.1184210526315788,3.186845489580008
f_01wLO,Night of the Demons,3.521844660194174,2.9356402821941296
f_0qPMG,Spencer,3.773936170212766,3.533499957972031
f_0nTcG,Willy's Wonderland,1.9078947368421053,2.91313712788969
f_0fA7G,Dune,4.73019801980198,5.437898114296432
f_01BY4,The Collector,3.0232793522267207,3.16140047942742
f_02272,The Witches of Eastwick,3.1508097165991904,3.0865704667816707
f_06ljk,What If,2.826923076923077,2.5779157765966274
f_0hijI,Malevolent,1.925438596491228,2.119592142400821
f_01Vq2,The Frighteners,3.6885113268608416,3.0843314019713097
f_01WKM,Funny Games,3.9095744680851054,3.8557183020634738
f_028Ie,Begotten,2.241228070175439,2.943705592685555
f_0mQbe,The Last Duel,3.970744680851064,4.000807822998066
f_029Z6,The Bodyguard,2.822874493927125,2.71256203157052
f_09n98,Me Before You,1.0714285714285714,2.8698170706205617
f_01U4u,The Lair of the White Worm,3.348705501618123,3.47976944049012
f_01nwg,The Crazies,2.8593117408906883,3.682673452042308
f_08Wy6,Krampus,2.986842105263158,3.1415954745130565
f_0j3Ky,"Empathy, Inc.",4.090425531914893,3.155428245379007
f_043bI,About Time,1.4166666666666663,3.559244955100381
f_01rRi,"Silent Night, Deadly Night",3.0921052631578947,3.060336616292644
f_00CZK,"Silent Night, Deadly Night Part 2",1.1785714285714286,2.341836793011693
f_01BVY,New Rose Hotel,3.353559870550162,3.81887169824201
f_0mqJY,Aquaslash,2.422566371681416,1.6181138033161435
f_0nZ4e,The Unforgivable,2.5420353982300883,2.808010277197221
f_00H5s,Hobo with a Shotgun,3.31957928802589,3.163003206404069
f_027w2,Mission to Mars,3.3470873786407767,3.534469440435858
f_0vmWC,Share or Die,0.375,2.5468102738570977
f_0nwRw,Spider-Man: No Way Home,4.11436170212766,4.14668583783677
f_06qlU,Open Grave,3.3147249190938517,3.0342552437273005
f_01aeS,Prom Night,2.311946902654867,2.520094186657889
f_01jJA,Intruder,2.2942477876106198,3.067856336536899
f_01TAu,Cabin Fever,3.185222672064777,2.670255189037978
f_01PV4,The Driller Killer,2.634955752212389,2.909375119778975
f_01DDW,The Bird with the Crystal Plumage,4.0,3.6896231267320503
f_00eH8,Silent Hill: Revelation 3D,1.9166666666666667,2.036717087390477
f_0110i,Revenge of the Creature,3.1082995951417005,3.2135344775101093
f_013Ks,The Creature Walks Among Us,3.1993927125506074,2.6711211653679765
f_029n2,Crash,3.678802588996764,3.881941757956497
f_0fw6O,The Suicide Squad,3.25,3.483578956528909
f_01pJc,Hell Night,1.9780701754385963,2.435263861150112
f_0jkPq,Portrait of a Lady on Fire,4.154255319148936,3.850870468485658
f_028Ew,Thelma & Louise,4.542079207920792,5.164556698563532
f_01AxQ,Body Melt,2.329646017699115,2.952209261617239
f_0kPRu,Encanto,2.7057522123893807,3.38748194095504
f_01VaS,Muppet Treasure Island,2.960526315789473,2.540500172462857
f_00zzE,The Brain Eaters,1.2803030303030305,2.655105248673139
f_02aZm,Ocean's Eleven,3.997340425531915,4.496793735724296
f_02aZ2,Ocean's Twelve,3.512135922330097,3.509809297752555
f_02aEy,Ocean's Thirteen,3.1912955465587043,3.6372905105585343
f_027Wa,Marie Antoinette,3.0536437246963564,3.3956474823494927
f_01Zk8,Grease 2,2.2765486725663715,1.1882737883897745
f_01YaQ,Scooby-Doo,2.9038461538461537,3.123490333927716
f_029y0,Austin Powers: International Man of Mystery,1.4015151515151514,2.4902170489696065
f_029xQ,Austin Powers: The Spy Who Shagged Me,1.356060606060606,2.225728981030893
f_01kNo,Blood Creek,3.2758899676375406,3.2109274866133006
f_06dMI,Stonehearst Asylum,2.7146017699115044,3.2621228731500493
f_0iTx0,A Quiet Place Part II,3.3292880258899675,4.626180323779293
f_01Uce,The Howling,3.3697411003236244,3.190957427311095
f_01Yye,You've Got Mail,1.3106060606060606,2.7406892718686144
f_013nI,The Monster Club,2.497787610619469,2.725383189376072
f_01Y1O,Ichi the Killer,2.847165991902834,3.678517782315368
f_02aae,There's Something About Mary,1.5378787878787878,2.5886634516356555
f_0t4VC,Demonic,2.18859649122807,2.818529597120994
f_0lwCC,Hotel Transylvania: Transformania,2.171052631578948,1.913755899897419
f_028Ow,Dark Star,2.3783185840707963,3.2825721177319127
f_0nzoW,Pig,3.9308510638297873,3.545469319148017
f_01M4m,The Last House on the Left,1.5833333333333333,2.634910858146829
f_029xG,Austin Powers in Goldmember,1.2954545454545454,1.772584410426379
f_00I9g,Red State,3.280744336569579,3.3244777398718144
f_07Yxi,Closer to God,2.621681415929204,3.131405102517152
f_02F6M,The Living Dead Girl,3.5655339805825244,3.2702678388840845
f_0hKtQ,The Turning,1.1964285714285714,1.8492022984516547
f_01MSm,WΔZ,2.8451417004048585,2.8546966868585293
f_021HS,Practical Magic,2.223684210526316,2.018315077819894
f_0j36o,Eternals,3.2548543689320386,3.136745294843168
f_0gnB6,Monster Hunter,2.9423076923076925,2.438200767060547
f_0mLqS,Nobody,3.3276699029126213,3.3835387758733164
f_0mxzG,Halloween Kills,2.970647773279352,3.111717120447224
f_029tE,In the Mood for Love,3.906914893617021,3.766067216840277
f_00ILY,Prison,1.568181818181818,2.590653702760245
f_01KnG,The Wicker Man,4.167553191489362,4.183620983086486
f_02a0I,Men in Black,3.436084142394822,3.74506238936694
f_02a0y,Men in Black II,3.395631067961165,3.0869928553411032
f_0ejwM,Moonfall,3.76063829787234,2.600167312903573
f_01tQG,Triangle,4.264851485148515,3.493199312434468
f_0mViE,Malignant,3.48462783171521,3.82471267451818
f_0lbJC,Last Night in Soho,3.442556634304207,4.037379286095802
f_024Sa,What Women Want,1.0535714285714286,2.054439647757088
f_01SCY,Legend,3.035425101214575,2.8459355716871766
f_0m99E,The Power of the Dog,4.079787234042553,3.6686145670051222
f_0gkFu,Guns Akimbo,2.493362831858407,2.4927088745714414
f_01i1s,Witchfinder General,2.9767206477732797,3.220597863572155
f_0aW9u,Mary Shelley,2.3694690265486726,2.6267677907611886
f_01TlE,Blow Out,4.616336633663367,3.8263348477583623
f_01STA,Dracula,2.958502024291498,3.358852692244782
f_01CkY,The Reflecting Skin,3.3745954692556634,3.3582326569819125
f_022Vw,Bee Movie,2.8653846153846154,2.4501705084687555
f_0ns6c,Texas Chainsaw Massacre,2.972672064777328,2.2495171353496004
f_0fsVI,Skins,2.1447368421052637,2.350679745170011
f_0u7LW,Kimi,3.877659574468085,3.2893678573202223
f_0jLP8,The French Dispatch,3.5380258899676376,3.925239883735872
f_01q7I,The Baby,1.9342105263157892,2.813129211100864
f_014MO,Tamara Drewe,1.0357142857142858,2.413374439716983
f_0w1Im,Hellbender,3.5266990291262137,3.1749219178572567
f_0eDGs,The Batman,3.745145631067961,4.5315762742022185
f_012Zc,The City of the Dead,3.377831715210356,2.3538483428698007
f_0i4IQ,I'm Thinking of Ending Things,4.087765957446808,3.357508301823189
f_01a8A,Blade,4.566831683168317,3.535900241786725
f_01UR2,The Relic,2.732300884955752,3.228575857786838
f_01W8o,Cujo,2.812753036437247,2.89192810916412
f_0m0HC,Nightmare Alley,3.86968085106383,3.6904803346918342
f_0ipkq,Turning Red,3.8909574468085104,3.022834232761722
f_0lhMM,Reminiscence,2.8977732793522266,2.413274509663452
f_0tCNi,Fresh,4.071808510638298,3.212795785423648
f_0saKe,My Son,2.004385964912281,2.707306657135589
f_01KfC,Kinky Boots,2.808704453441296,2.728555412552578
f_01LYo,Stitch! The Movie,1.75,2.326014097263907
f_01XBQ,Johnny Mnemonic,2.6128318584070795,3.1647281424465548
f_02916,Hannibal Rising,3.317961165048544,2.626905364516981
f_01CXw,Lilo & Stitch 2: Stitch Has a Glitch,3.3341423948220066,2.603664937488251
f_0mBda,The Deeper You Dig,3.733818770226537,3.08067837273313
f_0ifpg,Death on the Nile,2.875506072874494,3.0694465121632994
f_01C76,Leroy & Stitch,3.0091093117408905,2.098992462300353
f_0npKI,Old,2.564159292035398,2.924233166712181
f_0h5Uw,Ghostland,2.25,3.4941776769822
f_01ZfC,The Brady Bunch Movie,2.770242914979757,2.673858701158509
f_0rLTA,Metal Lords,2.752024291497976,2.2712573552665427
f_0iI50,Antlers,3.382686084142395,3.222188029173657
f_029ZK,The Passion of the Christ,2.936234817813765,2.373438761137036
f_0sJOK,The Desperate Hour,1.7196969696969695,2.356175354396396
f_0nK2s,The Northman,4.675742574257426,4.448132090912216
f_00FRE,The Croods,2.784412955465587,2.825818336363197
f_01agO,Blade II,4.591584158415841,3.8657794443829614
f_027EA,Sister Act,2.804655870445344,2.667948016790842
f_0iwt0,West Side Story,2.82085020242915,3.312174811807276
f_021Qq,Sister Act 2: Back in the Habit,1.5075757575757576,2.4547327663691485
f_0llco,Venom: Let There Be Carnage,2.5553097345132745,3.123602904118497
f_01RN2,Bug,4.1462765957446805,3.6562316258625582
f_0s652,In the Earth,2.3252212389380533,3.158335490297669
f_02ZQg,Next of Kin,2.92004048582996,3.2333358386382423
f_0jUk4,Everything Everywhere All at Once,4.194148936170213,4.327813947324888
f_01xQq,Dolls,2.79251012145749,3.2609951091653677
f_0eMZS,Goodbye Christopher Robin,2.766194331983806,3.069993253778947
f_01WkY,Strictly Ballroom,2.048245614035088,2.8892417120917138
f_0n87k,The Matrix Resurrections,2.9827935222672064,3.358804305620985
f_01YSy,Anaconda,2.599557522123894,2.357637991520745
f_0sYCO,You Are Not My Mother,2.8491902834008096,3.5074235884299734
f_0ikXW,Jurassic World Dominion,3.746763754045308,2.634516098426544
f_01Ts6,Stir of Echoes,3.045546558704453,3.3438222185554847
f_022os,Brain Dead,3.279126213592233,2.9656586269782936
f_01y3u,Nemesis,3.7402912621359214,3.4232344475005614
f_01Bi8,"Gamera, the Giant Monster",2.946356275303644,3.030913152047574
f_028qu,Bedazzled,3.4166666666666665,2.192723981795361
f_0gaTc,Doctor Strange in the Multiverse of Madness,3.392394822006473,3.5005811767636312
f_0jgxW,The Perfection,3.6545307443365695,3.122472644664162
f_01ZBo,Deep Blue Sea,3.316343042071197,3.654377437139484
f_01KQ4,Carnival of Souls,3.4021035598705502,3.496648248302
f_01R2q,Split Second,3.152834008097166,2.956176151656088
f_01XZS,The Wicker Man,3.1892712550607287,2.118596073075726
f_026vi,In the Mouth of Madness,4.01063829787234,4.147288269773213
f_01TAa,Invasion of the Body Snatchers,3.405339805825242,3.5998105035867054
f_027go,Tenacious D in The Pick of Destiny,2.595132743362832,2.7109537862091484
f_01stm,I Walked with a Zombie,3.075910931174089,3.4247794815742725
f_0svZO,The Princess,2.162280701754386,2.4883270114082503
f_01EmM,(500) Days of Summer,4.034574468085107,3.0449315464585345
f_01vG4,Cat People,2.9402834008097165,3.1211099376761324
f_0q5ye,Dual,3.173076923076923,2.703705794697081
f_01rxW,The Wasp Woman,1.6893939393939394,2.6988830398285835
f_0mMAY,Thor: Love and Thunder,3.0657894736842106,2.5606867769858948
f_029we,Diabolique,3.682038834951456,3.716649894549696
f_02b4w,Princess Mononoke,4.324257425742574,4.963933548710973
f_0gsvM,Resident Evil: Welcome to Raccoon City,1.7348484848484849,2.7794440436935948
f_039FW,Daddy's Deadly Darling,1.4924242424242424,2.4836142109879384
f_03ZZk,Jurassic Shark,0.75,1.781676455163271
f_01Ln8,House on Haunted Hill,3.75,3.1580024153595208
f_01mL0,13 Ghosts,3.3810679611650487,2.73690717656908
f_029EW,Little Miss Sunshine,4.25,3.692446424844526
f_01bSE,The Bat,3.041497975708502,2.7658490724373666
f_0ujVk,Beyond the Infinite Two Minutes,3.4150485436893203,3.569376623110391
f_01psg,Theatre of Blood,4.164893617021277,3.2592331821906235
f_01Mne,The Cat Returns,3.408576051779935,3.167145015640504
f_0w4Zg,Windfall,2.990890688259109,2.61021378137921
f_020yA,Untraceable,2.444690265486725,2.9270605095990265
f_0mnyy,Archive,1.942982456140351,2.772115311058246
f_01YSe,Tremors,2.7013274336283186,3.5343344844471143
f_0iAkw,Boss Level,2.074561403508772,3.8401576883324617
f_0dR3i,Wind River,4.077127659574468,3.682752579548451
f_0nTH0,The Card Counter,3.546116504854369,3.1282457748881827
f_0sNBU,Prey,4.1861702127659575,4.069043189115506
f_02aSg,Dead Poets Society,3.867021276595745,4.098773839169716
f_09GCS,Money Monster,3.084008097165992,2.9180558801556504
f_01v1q,Xtro,3.0698380566801617,3.370497749882855
f_0sDCe,Nope,3.7354368932038833,4.677995439729832
f_0mK4w,Elvis,3.4279935275080904,2.7480301749035423
f_01xDm,The Little Shop of Horrors,2.8168016194331984,3.0813245876729667
f_020uI,The Man Who Knew Too Much,2.9240890688259107,3.235124412200592
f_0pSAG,Cadaver,2.889676113360324,2.538071934529404
f_0qTKY,Licorice Pizza,2.8289473684210527,3.795921618920204
f_026iy,The Chronicles of Riddick,3.343851132686084,3.0276127095886167
f_01yRk,C.H.U.D.,3.114372469635628,3.689275155733286
f_0lwCM,Escape Room: Tournament of Champions,2.873481781376518,2.839905179511716
f_035Jq,Riddick,3.3454692556634305,3.0916361249305733
f_01UVe,Halloween: The Curse of Michael Myers,2.6393805309734515,2.9979444155695325
f_01TgE,Halloween H20: 20 Years Later,3.296925566343042,3.320149366195352
f_01TQs,Halloween: Resurrection,1.553030303030303,1.4530277117680752
f_0jnWY,Pinocchio,0.9821428571428572,1.917419811396081
f_0o0lg,Scream,4.013297872340425,4.044674937483896
f_0qV1G,Lightyear,3.229757085020243,3.052027119235712
f_08Niy,Goodnight Mommy,4.11968085106383,3.852654087238518
f_01yuq,Glen or Glenda,1.2321428571428572,2.28251979094201
f_01WDQ,Thinner,2.1008771929824563,2.6953026241018665
f_084xS,Zootopia,3.8590425531914896,3.5632726705069
f_0jZze,The Night House,4.196808510638298,3.9590433824475424
f_025Vu,1408,3.670711974110033,3.5395012250502296
f_01ZOW,Doom,1.9605263157894737,2.545211420151697
f_0200o,The Happening,1.2142857142857142,2.3428223202053773
f_0lx5a,After Yang,3.4312297734627832,3.7793901182245735
f_028bY,Next,2.0394736842105265,3.2450037215637746
f_0m83K,Countdown,1.25,2.050219057034369
f_0204U,Weekend at Bernie's,3.398867313915858,2.4711892446354096
f_0i6pm,True History of the Kelly Gang,3.077935222672065,3.029502852303323
f_0nRog,Hocus Pocus 2,3.465210355987055,2.81991055447401
f_01WBU,Vacancy,3.3114886731391584,3.681427859619388
f_01EmW,The Final Destination,2.630530973451328,2.3818546436161894
f_00r1k,Final Destination 5,3.0941295546558703,2.8015959687943752
f_0uLUY,My Best Friend's Exorcism,2.776315789473684,2.4214006548019507
f_01Y6O,Starman,4.413366336633663,3.4245465347572432
f_026v8,What Lies Beneath,3.397249190938511,3.3693679067718776
f_01VUG,Dracula 2000,3.0961538461538463,2.523445075294632
f_02a7u,Die Hard,3.4215210355987056,4.431077120460194
f_01XEg,Ginger Snaps,3.523462783171521,3.2782705388138984
f_016Sk,Megamind,3.2459514170040484,3.090689702430282
f_01qoa,Black Sabbath,3.1002024291497974,3.800751434103115
f_0sxVa,X,3.701456310679612,3.9387814871090248
f_0fo0I,The Ritual,4.220744680851064,4.700319346007658
f_0vVPm,Mad God,2.648230088495575,3.943155018207284
f_0tbmY,We're All Going to the World's Fair,1.1071428571428572,2.939864644807014
f_01XbI,Escape from L.A.,3.406957928802589,2.9388054563219
f_043JK,The Bay,2.6747787610619467,3.363563686357032
f_0b2Km,The Blackcoat's Daughter,3.277508090614887,3.146887441147666
f_01Ql2,The Man from Earth,2.5730088495575223,3.084819401882843
f_026sS,Memoirs of an Invisible Man,2.3827433628318584,2.95304190188384
f_0131M,My Bloody Valentine,2.938259109311741,2.9698696824810416
f_0mO8M,Halloween Ends,3.086032388663968,2.791790702217935
f_0tcHe,The Sadness,3.661003236245955,3.14222820089134
f_01PSY,Sleepaway Camp,1.6742424242424243,3.3686801742823422
f_0a2qk,Creed,3.9627659574468086,4.173915739954292
f_01ygS,The Burning,2.922064777327935,2.5006973379871997
f_01m2O,Eaten Alive,1.125,2.871673384996227
f_014Qc,Tales from the Crypt,3.673948220064725,3.215036023236957
f_01pSI,Blood Rage,2.6792035398230087,3.4180681603559573
f_01qV4,Basket Case,3.573624595469256,2.968833774731957
f_05B5G,Deliver Us from Evil,2.841093117408907,2.204256776224053
f_00ZnO,Paranormal Activity 2,2.895748987854251,2.386386021731571
f_0iwtu,Wendell & Wild,3.049595141700405,3.4559032075782468
f_01pyS,Slugs,3.4490291262135924,2.799437067886146
f_06OdU,All Hallows' Eve,2.1184210526315788,3.369490387112748
f_028ga,Copycat,3.8430851063829783,2.829234076128665
f_01UFK,The Hand that Rocks the Cradle,3.400485436893204,3.088467717877635
f_077SM,Ouija,2.506637168141593,1.702152899239038
f_0sNVq,See How They Run,3.4813915857605178,2.973281147447845
f_0j978,Morbius,2.232456140350877,1.9715101123268923
f_01mRM,Tenebre,3.949468085106383,3.837538034816628
f_0sqFE,The Black Phone,3.570388349514563,3.746449455104988
f_0rVmQ,My Policeman,1.8201754385964912,2.64989470912438
f_0elo6,I Am the Pretty Thing That Lives in the House,2.6924778761061945,2.7060279057210046
f_0uGgk,Goodnight Mommy,2.057017543859649,2.5503553317536443
f_02b2q,Brokeback Mountain,3.424757281553398,3.616261055856164
f_0d6bE,Moonlight,3.5186084142394822,3.982652795972357
f_01kz2,Edge of the Axe,2.8572874493927127,2.700803226438526
f_01q58,Blood Feast,3.453883495145631,2.145821966959765
f_0200S,Master and Commander: The Far Side of the World,4.218085106382978,3.9922598193976975
f_01SrG,Ghost in the Shell 2: Innocence,3.851063829787234,4.104358854773087
f_0o0Hc,Don't Look Up,3.38915857605178,2.856187776536638
f_00H08,All Quiet on the Western Front,3.88031914893617,3.6840863885279576
f_0o6eK,The Unbearable Weight of Massive Talent,3.267799352750809,3.067704751173231
f_0bg9E,Disenchanted,1.6590909090909092,1.9833570124578772
f_0261M,Hairspray,2.7742914979757085,2.43814669946593
f_0fJfk,The First Purge,3.0253036437246963,2.9586149980673984
f_0mdzc,The Forever Purge,3.154858299595141,2.409571728616548
f_0j1Ac,Meander,3.047570850202429,2.902221541929527
f_023De,Howl's Moving Castle,3.124493927125506,4.574700218177817
f_01oMa,Twins of Evil,3.494336569579288,3.0188720688342925
f_01xpa,The Quatermass Xperiment,3.429611650485437,3.2460000725622264
f_00OhK,When a Stranger Calls,3.476537216828479,3.075212553959542
f_0rDsQ,Troll,3.3907766990291264,2.8123360010176914
f_0hJAw,Marriage Story,4.378712871287129,3.982275739938361
f_02a38,The Conversation,3.8404255319148937,4.166580388433122
f_0uF8O,Lady Chatterley's Lover,2.8026315789473686,2.688033973266258
f_01W5k,Miracle on 34th Street,2.7621457489878543,3.000061059898217
f_02aUc,Amélie,4.408415841584159,3.752993378575365
f_0kjMW,Guillermo del Toro's Pinocchio,3.1973684210526314,3.910730070882287
f_01Y28,One Missed Call,3.5720064724919096,3.625423094918412
f_01QuI,Death Race 2000,3.201417004048583,2.9974654593861425
f_02E2E,Avatar: The Way of Water,4.10372340425532,4.605331606933271
f_01Wow,The Iron Giant,3.5687702265372168,4.259826133865415
f_0waRi,She Will,3.156882591093117,2.968335509603244
f_01OfQ,Doubt,4.122340425531915,3.5778530934123687
f_0bg7S,Hellraiser,3.711165048543689,3.5563571578272515
f_0yohi,Barbarian,3.536407766990292,3.625038017551869
f_0oCkK,Glass Onion,4.117021276595745,4.103510929311189
f_0p7XS,The Banshees of Inisherin,3.4619741100323624,4.289999035808517
f_0bg8Q,Fantastic Beasts: The Secrets of Dumbledore,1.7045454545454546,2.310885820389829
f_023wW,Paprika,3.583333333333333,4.472020190552174
f_0uTuY,Crimes of the Future,3.960106382978724,4.126613340604648
f_0tlc0,Men,3.36326860841424,3.466852419556485
f_01USO,The Wedding Singer,2.76417004048583,2.3277943681484388
f_0Aqui,A Wounded Fawn,3.2872168284789645,3.0686868234543643
f_0lScm,The Menu,3.9281914893617023,4.404716876568619
f_01VAw,Daddy Day Care,1.7850877192982455,2.351246419785624
f_0vPHQ,Nanny,3.4862459546925564,3.0506587866904744
f_01Xzq,Wrong Turn,3.187246963562753,3.149417333858448
f_01Z4O,Witness,3.4749190938511325,3.707853306347435
f_012XK,Turkey Shoot,2.9281376518218623,3.535334683323674
f_0230G,The Fugitive,3.835106382978724,4.093503936200982
f_019pq,True Lies,3.227732793522267,3.88846734811527
f_01to8,Shock Waves,3.893617021276596,2.748257179037968
f_0sxZc,Orphan: First Kill,2.9301619433198383,3.480520925427247
f_0dVHQ,Thoroughbreds,3.8031914893617023,3.160890183824702
f_0xjfE,Smile,2.1096491228070176,3.318826865905807
f_01Ylu,The Black Hole,1.8640350877192984,3.359965376091433
f_01iN2,God Told Me To,3.6836569579288025,3.401490664786228
f_0m8Ie,The Father,4.6361386138613865,3.888382919153635
f_0vPwe,JUNG_E,2.449115044247788,2.3042054793999447
f_01Sxu,Don't Say a Word,2.8431174089068825,2.906731801008462
f_01XxE,The Skeleton Key,3.4377022653721685,3.1766881639470195
f_029v6,Underworld: Evolution,3.098178137651822,2.9867063753029264
f_01ILG,The Parallax View,3.8324468085106393,3.2717524934392785
f_01RZs,Underworld: Rise of the Lycans,3.593042071197411,2.618231734128317
f_00yMs,Underworld: Awakening,2.0921052631578947,2.7768678928248502
f_03T30,Berberian Sound Studio,3.215587044534413,3.3887461792802203
f_0pelQ,Prey for the Devil,2.083333333333333,2.7014026455056634
f_01SRO,Near Dark,3.5898058252427183,3.658427295570479
f_01SNC,Hatchet,2.400442477876106,2.563124186383907
f_09BgC,Before I Wake,2.8714574898785425,3.2596271024266725
f_029q6,The Running Man,3.338996763754045,3.574880678071093
f_01Ynq,King of New York,3.646440129449838,3.568933851892845
f_00nd2,Viy,2.688053097345133,3.366307262062033
f_00nWG,Husk,3.195344129554656,2.682546328515903
f_02o4Y,The Vow,1.3257575757575757,2.4890329228975188
f_02DBe,Skinner,2.861336032388664,2.7502420614127345
f_01SCk,The Prophecy,3.2888349514563107,2.771631509373286
f_00P14,The Ward,3.003036437246964,2.891616544424662
f_02b8S,Léon: The Professional,3.088056680161943,3.758590750973654
f_02a0o,Poltergeist,3.4781553398058254,3.551967162660295
f_0mViu,Don't Worry Darling,3.6415857605178,3.082243592566943
f_03RKw,Paddington,3.856382978723404,3.375923309255638
f_0eaq6,47 Meters Down,2.7190265486725664,2.5176289152040727
f_0hflG,47 Meters Down: Uncaged,2.418141592920354,2.186956069499434
f_0nro0,The Unholy,2.3915929203539825,2.066061931886824
f_01FLI,The Duellists,3.827127659574468,3.993318658128408
f_0Bf6G,Fall,2.9342105263157894,2.4948098877513445
f_02oDk,Eyes of Fire,2.772267206477733,2.1179619031829464
f_0ayGu,John Wick: Chapter 2,3.7305825242718447,4.172047687134796
f_0gmFw,John Wick: Chapter 3 – Parabellum,3.586569579288026,4.161760694166015
f_0iRcE,Bodies Bodies Bodies,2.3030973451327434,3.573980390237568
f_01Tj4,Following,3.6998381877022655,3.690349185055612
f_0hgl8,Creed II,3.2257085020242915,3.441420178554334
f_0kmoy,Three Thousand Years of Longing,3.5946601941747574,4.012169031802281
f_0szW0,Beast,2.502212389380531,3.302133733646831
f_0oJ58,Amsterdam,2.8856275303643724,2.370012403652504
f_01Y4y,Gone in Sixty Seconds,2.43141592920354,2.899400906634711
f_023c8,Kiss Kiss Bang Bang,3.824468085106383,3.474800954768108
f_0r9a8,The Woman King,3.175101214574899,3.5861052879848225
f_0hXlq,Triangle of Sadness,3.1771255060728745,3.415641893331578
f_01pMq,Case 39,2.5508849557522124,2.9101433199224838
f_01Pks,The Lazarus Project,2.1535087719298245,2.489955188661796
f_01XMu,The Fast and the Furious,2.5110619469026547,3.058334367089337
f_02a4g,2 Fast 2 Furious,2.267699115044248,2.874818570429003
f_01peS,The Castle of the Living Dead,2.013157894736842,2.7099059003110764
f_01Wz0,She's All That,2.471238938053097,2.007099977669818
f_0p3cI,The Deep House,2.586283185840708,2.33363586674437
f_01Yeo,The Fast and the Furious: Tokyo Drift,3.2694174757281558,2.800011411497012
f_01Pnm,Fast & Furious,2.7864372469635628,2.638389868682084
f_01s34,Phantom of the Paradise,3.16497975708502,3.6396059798333793
f_00BgO,Fast Five,3.2855987055016183,3.1821905390395937
f_02UG6,Fast & Furious 6,2.818825910931174,2.862067290027274
f_02a6G,Apollo 13,4.210106382978723,3.1763970275869844
f_01Z6q,Virtuosity,3.1487854251012144,2.501907133760408
f_0jxmG,M3GAN,3.3131067961165046,2.7434150906698105
f_05cVs,Furious 7,3.1427125506072877,3.377059160909695
f_01SCu,Queen of the Damned,2.7234513274336285,2.681563388864202
f_0qIvo,Evil Dead Rise,3.6432038834951457,3.9221586664485817
f_0bbCw,The Fate of the Furious,2.869433198380567,2.514766771788664
f_00DvG,When the Lights Went Out,2.2809734513274336,2.2789394012743407
f_01dZi,Nine Dead,1.0892857142857144,2.3811255979530417
f_0tw4c,The Whale,2.901821862348178,3.691385368107325
f_0244u,Mermaids,3.432847896440129,2.743647391841279
f_0dnDA,Fast & Furious Presents: Hobbs & Shaw,2.832995951417004,2.8280671190075743
f_01td0,The Blood on Satan's Claw,3.158906882591093,2.766376247370185
f_0dqsU,F9,2.2149122807017543,2.2193901078093936
f_01H8y,The Cremator,3.604368932038835,3.580791988942703
f_0bxau,Cherry Tree,3.169028340080972,2.4587514272679214
f_025HW,The Night of the Hunter,3.335760517799353,3.45754358129378
f_01Q1m,Eden Lake,2.643805309734513,3.4370072451905997
f_02Hla,The Possession,2.696902654867257,3.0934525437582097
f_01WhU,Hackers,3.4927184466019416,3.310474055721229
f_033Nq,Phantom of the Mall: Eric's Revenge,2.853238866396761,2.5964217723738656
f_0igla,Wounds,2.59070796460177,2.161359286596098
f_026xo,The Mothman Prophecies,3.30663430420712,3.097691923870898
f_0h2c2,The Lodge,3.534789644012945,3.474502315432365
f_0eSi6,Peter Pan & Wendy,3.0637651821862346,1.9635435359863336
f_0qW26,Bullet Train,3.413430420711974,4.114033245927137
f_02aOe,Stand by Me,4.143617021276596,3.710763320931656
f_0nL2y,Ant-Man and the Wasp: Quantumania,2.4668141592920354,2.461123118769274
f_026ow,Naked Lunch,3.9361702127659575,3.753771484237927
f_0tqSK,Nocebo,3.7659574468085104,3.1722438346017587
f_0oToE,Roald Dahl's Matilda the Musical,1.7587719298245614,3.120969867932039
f_023Uu,Southland Tales,3.272653721682848,2.7577624095746285
f_01KqU,Creepshow,3.4522653721682848,4.1826681920570055
f_01Kq6,Creepshow 2,2.254424778761062,2.8410758026317677
f_0bCIw,Underworld: Blood Wars,2.683628318584071,2.617635204840124
f_0zxu8,Simulant,2.8006072874493926,2.06650805200162
f_0qbus,65,2.899797570850202,2.43395674566552
f_0uNIA,TÁR,4.159574468085107,3.586692699789085
f_0lsew,Judas and the Black Messiah,3.912234042553192,3.66751717154216
f_0tLd4,Bones and All,3.596278317152104,3.648872411205918
f_0t1J4,Huesera: The Bone Woman,3.704692556634304,3.373005767289785
f_01wZm,Subspecies,3.1629554655870447,3.099253962472787
f_01Eo4,Pandorum,3.601132686084142,3.881820722889688
f_026mK,The Abyss,3.9388297872340425,4.328051366875027
f_020sC,8MM,3.6593851132686086,3.238872952712636
f_01V3W,The Return of the Living Dead,4.23404255319149,3.525804209906411
f_02596,One Million Years B.C.,3.0273279352226723,2.4590620977571294
f_01qme,Blood and Black Lace,3.800531914893617,3.291987882101614
f_0npL2,Knock at the Cabin,3.4733009708737863,3.127421425409104
f_0nlQC,Titane,3.213562753036437,3.607037888077564
f_01U16,Blood Simple,3.5784789644012944,3.531579603764701
f_01inI,The Devils,4.621287128712871,3.2946903765946693
f_0s3ds,Asteroid City,3.588187702265372,2.885893592942422
f_0wUow,Oppenheimer,4.329207920792079,4.688141330474561
f_0stZ8,The Pope's Exorcist,3.664239482200647,3.3509936748220555
f_01xBg,Fish Tank,3.1204453441295548,3.604873633157667
f_0bCLK,Barbie,4.151595744680851,3.834945883086396
f_01BT4,Naked,3.797872340425532,3.4393899940844426
f_0rLKy,The Possessed,2.7580971659919027,2.8076075543806818
f_02WQ8,The Child,3.1609311740890687,2.631125856771457
f_0pf68,Creed III,3.73705501618123,3.34343223694206
f_0fVNI,Guardians of the Galaxy Vol. 3,3.6690938511326863,4.476253252177239
f_03O2c,Malatesta’s Carnival of Blood,2.7884615384615383,2.559904693942687
f_01TSo,Memories of Murder,4.4727722772277225,4.87102849412253
f_01XFo,To Live and Die in L.A.,4.138297872340425,3.943809062603028
f_0rxQs,Anything for Jackson,2.796558704453441,3.4537543789995877
f_01rCi,The Man Who Laughs,3.781914893617021,3.678959092292852
f_0anyO,Dark Phoenix,3.1447368421052637,2.401478163073079
f_028ws,Primal Fear,3.591423948220065,3.81359717593363
f_04Cwc,Upstream Color,2.661504424778761,3.565570557242971
f_0hN1A,Dungeons & Dragons: Honor Among Thieves,2.794534412955465,3.345015907622572
f_0fAwm,Overlord,3.4506472491909386,3.656237975689194
f_0ggMw,Time Trap,3.5800970873786406,2.765999322565056
f_0jhx4,In the Shadow of the Moon,3.513754045307443,2.851126037878569
f_0mLvo,Meg 2: The Trench,1.881578947368421,2.4585294209012307
f_00XmE,Forbidden World,3.2564724919093853,2.8193803408472737
f_01VYI,Cat's Eye,2.7904858299595143,3.018612864783457
f_01UvA,The Ruins,3.233805668016194,2.9209102269512544
f_02TRW,How to Train Your Dragon 2,3.41990291262136,3.8803360194473298
f_01WVq,Fear and Desire,2.1359649122807016,1.9703599166539207
f_0zdfW,Scream VI,4.01595744680851,4.581705430330768
f_0fVum,The Little Mermaid,3.061740890688259,2.383641763554589
f_01Fwe,Night of the Living Dead,3.576860841423948,3.2633702315991746
f_0l0vE,Don't Tell a Soul,3.223684210526316,2.498495163263888
f_0avNi,The Corpse of Anna Fritz,2.351769911504425,2.7495317042568708
f_01Kpi,Killer Klowns from Outer Space,2.837044534412956,3.2727229801080684
f_0uUO6,No One Will Save You,3.479773462783172,2.994574820921958
f_0zUWk,Saw X,3.6205501618122975,4.210778048101014
f_01Drm,Stage Fright,3.575242718446602,3.701100818571457
f_0mOsi,Haunted Mansion,2.652654867256637,2.3673426448912265
f_0yweQ,The Infernal Machine,3.622168284789644,2.733169913044218
f_0blCw,The Belko Experiment,3.146761133603239,2.92596960402696
f_01Vni,The One,3.47168284789644,2.939988067567868
f_01Y9y,Ghost Ship,3.6723300970873782,2.8336705533860185
f_0ASiE,Elemental,3.13663967611336,2.5848141106383227
f_0vqlg,Speak No Evil,3.350323624595469,3.715441885197736
f_01XsO,End of Days,3.455501618122977,2.812624919872289
f_01V3i,Willard,3.504045307443365,3.085006967465856
f_08Jmm,The Pyramid,1.1607142857142858,1.962759940152472
f_024Be,Scary Movie 3,0.9464285714285714,1.9246098453832927
f_0bWrU,The Devil's Candy,3.2645631067961167,3.827413735913703
f_02pQ0,Redline,3.132591093117409,3.896223903046367
f_0zPbe,Pearl,3.308252427184466,3.974566132335533
f_0C6uQ,Talk to Me,3.6982200647249193,4.02322711246249
f_026e2,Identity,3.605987055016181,3.973219095074451
f_0HSFs,Night of the Hunted,2.3606194690265485,2.757858859942273
f_0rXBe,When Evil Lurks,3.686893203883495,3.732828988991381
f_0mh48,John Wick: Chapter 4,3.6189320388349513,4.357236397818266
f_0oI10,Terrifier 2,3.5331715210355985,3.623798692365812
f_0oPSK,Infinity Pool,3.8377659574468086,3.985579401849362
f_0oHFS,Censor,3.2378542510121457,2.7538818840064154
f_01SR0,High School Musical 3: Senior Year,1.7763157894736843,2.219927005141197
f_0sS1W,Missing,3.690129449838188,3.3928496802270245
f_0cdjy,Hell House LLC,2.756072874493927,3.1825343114116493
f_0y9g0,Magic Mike's Last Dance,1.4621212121212122,2.286342218867918
f_0u6WE,The Killer,3.7925531914893615,3.276280122164319
f_01s0k,Maniac,3.4911003236245954,3.145216965193626
f_01ray,The Psychic,3.941489361702128,3.544445334412606
f_01ZNO,Timecop,3.22165991902834,2.9192306558328243
f_00Vz2,Memories,3.45873786407767,3.740575657815457
f_0mLsO,Spiderhead,2.883603238866397,2.6482263826742
f_029gq,Galaxy Quest,3.544498381877023,3.4026513875453506
f_0f8dG,Black Hollow Cage,2.4889380530973453,3.3083674589885983
f_02aJS,The King of Comedy,3.581715210355987,3.7893590330167832
f_0o8vy,Renfield,3.52831715210356,2.7838417558721664
f_0zGdg,A Haunting in Venice,3.2419028340080973,3.286447558173476
f_024dw,30 Days of Night,3.342233009708738,3.104353241084543
f_0jnna,The Boogeyman,3.128542510121457,2.81190447070193
f_0ic7S,Army of the Dead,3.271035598705501,2.928252332382904
f_0fahg,Mortal Engines,2.559734513274336,2.53555561111588
f_0rE7a,They Cloned Tyrone,3.816489361702128,3.504132036759368
f_01dx4,A Single Man,4.042553191489362,3.1801534339816886
f_0joLi,Hell House LLC II: The Abaddon Hotel,1.1428571428571428,2.112949714192715
f_01E2M,Opera,3.7257281553398056,4.042212177125323
f_01X0q,Cyborg,3.6092233009708736,2.8451687273277417
f_01rPm,The Cat o' Nine Tails,3.51537216828479,3.56963175963339
f_01kN4,Four Flies on Grey Velvet,3.691747572815534,3.778187922841449
f_0rPHy,The Stylist,3.2095141700404857,2.970482230107104
f_01KbK,Inferno,3.529935275080906,3.192188878851346
f_01gPK,Horror Express,2.83502024291498,3.2180549922288053
f_0232i,A Bay of Blood,2.8512145748987856,2.969826163873052
f_01Src,Bad Lieutenant,3.8138297872340425,3.629418945888129
f_01PVy,The Changeling,3.337378640776699,3.266585031205605
f_028FY,Teenage Mutant Ninja Turtles,3.261326860841424,3.1427694156491794
f_020GE,Highlander,3.2196356275303644,3.378627857431996
f_0ugw2,Cocaine Bear,3.5978964401294498,2.3665668819687578
f_0ifti,Await Further Instructions,1.643939393939394,2.397376772177604
f_01wLY,Messiah of Evil,2.948380566801619,3.734821921230486
f_0re0i,Leave the World Behind,3.2398785425101213,3.189153069409909
f_01YhW,Last Action Hero,3.4393203883495147,4.385056242596162
f_0kSz4,Spider-Man: Across the Spider-Verse,4.821428571428571,4.703618660293312
f_0b8vM,Indiana Jones and the Dial of Destiny,4.039893617021277,3.765754709622828
f_0w0qc,Rebel Moon - Part One: A Child of Fire,2.3650442477876106,2.431110051794156
f_0207Y,The 6th Day,3.23582995951417,3.6222569293552382
f_01AWG,Ms .45,3.434466019417476,3.7080541350661065
f_0z4eg,Saltburn,3.607605177993528,3.294479251550798
f_0AOpG,Totally Killer,3.130566801619433,3.590344483930149
f_01saE,Frankenhooker,3.617313915857605,3.365381086483348
f_0i8C8,The Super Mario Bros. Movie,3.9840425531914896,2.856968842930579
f_0jdj8,Dawn Breaks Behind the Eyes,3.26294498381877,2.634150871606614
f_06el4,The Strange Color of Your Body's Tears,3.3406148867313914,3.2227063318990936
f_01DB2,Detour,3.795212765957447,3.192374647246031
f_01prs,Dementia 13,2.3871681415929205,2.993931805991429
f_020Uw,Vantage Point,2.665929203539823,2.8570284560832766
f_014J6,Sorcerer,3.677184466019417,4.375898479685298
f_01XQw,Air Force One,3.615695792880259,3.1346844555786406
f_0drIu,Fast X,2.413716814159292,2.342196059996236
f_01VQu,Vampires: Los Muertos,2.5464601769911503,2.264580966548846
f_01kkQ,All the Colors of the Dark,3.69336569579288,3.703263696160121
f_01iGg,Torso,3.167004048582996,3.680688247321795
f_02uT4,Your Vice Is a Locked Room and Only I Have the Key,3.720873786407767,3.59518865404641
f_02ajg,Bonnie and Clyde,3.635113268608414,3.249952634084968
f_0wFPM,Hypnotic,2.484513274336283,2.443277538862406
f_0oXWq,The Creator,3.872340425531915,3.857444920440446
f_01kbY,Kwaidan,3.719255663430421,3.879896141047836
f_0252a,Onibaba,4.183510638297872,3.6426681301697807
f_00FPS,In Time,3.470064724919094,3.0423224418741155
f_07anW,The Lazarus Effect,3.292071197411003,2.6213607472992537
f_0158K,Dogtooth,3.116396761133603,3.682939947262244
f_0cioI,Suspiria,3.727346278317152,3.99036811590464
f_029Zq,Wild Things,3.7241100323624594,3.4915061655920527
f_02Bsu,Now You See Me,2.5331858407079646,3.0398643677325765
f_01tJ6,Martin,3.599514563106796,3.8105683187478743
f_027Po,The Others,2.8917004048582995,3.388279826719052
f_0iIWS,The Empty Man,4.085106382978723,3.096285443981184
f_01boO,Splatter: Naked Blood,3.500809061488673,3.541896032093417
f_0isnC,Villains,3.290453074433657,2.9933389797423025
f_024as,The Darjeeling Limited,3.7845744680851054,3.65690351790244
f_01woA,Night of the Demon,1.837719298245614,4.072314171053455
f_0jc18,The Furies,2.3738938053097347,2.8549569731680893
f_0q0Dy,I Wanna Dance with Somebody,2.307522123893805,2.691838377462464
f_0vHpu,Sisu,2.814777327935223,3.375421759208892
f_02aGO,Strange Days,3.875,4.6705131771818005
f_01I0g,Threads,3.808510638297872,3.9928656883554474
f_02Evm,Jupiter Ascending,2.515486725663717,2.860353141871196
f_020RW,Idiocracy,2.754048582995952,2.640107102073946
f_01X6e,13 Going on 30,2.524336283185841,2.990043509558447
f_0wMAk,Marcel the Shell with Shoes On,3.86436170212766,3.5443921939561376
f_00psI,Mission: Impossible – Ghost Protocol,3.7289644012944985,3.527897776800776
f_05rI4,Mission: Impossible – Rogue Nation,3.901595744680851,4.122024550444128
f_00D9A,"Crazy, Stupid, Love.",3.2317813765182186,3.347789963276007
f_00qH0,The Animatrix,3.468446601941748,3.6262774499731103
f_01U1q,Uzumaki,3.283980582524272,2.9885899962935385
f_01Kk8,The Texas Chainsaw Massacre 2,3.625404530744337,3.25834505922414
f_0tNWU,Poor Things,3.630258899676376,3.786009617550557
f_011Ly,The Mutilator,1.8026315789473688,2.679700681719002
f_0bSVc,Mission: Impossible – Fallout,3.898936170212766,3.7222790031295534
f_0DYHm,American Fiction,3.712783171521036,3.303754675930444
f_0cZie,The Love Witch,3.2597087378640777,2.513540565688872
f_01MAi,The Toxic Avenger,2.4535398230088497,3.358416433277959
f_0ETEk,The Mill,2.396017699115044,2.8183426325664267
f_01tJq,Pumpkinhead,3.364886731391586,2.923569345525678
f_0tefG,Belfast,3.981382978723404,3.428809170781928
f_00yLa,Bloodbath at the House of Death,1.986842105263158,2.155368928043268
f_0194M,Falling Down,2.2632743362831858,3.637949685604681
f_0gJsA,The Zone of Interest,3.505663430420712,3.7352675968651097
f_0l7zS,Mission: Impossible – Dead Reckoning Part One,3.722491909385113,3.602524457169804
f_01WvM,Spawn,1.87280701754386,2.2136743021076635
f_0jwXw,Hypnotic,2.4048672566371683,2.3411383990688
f_028kc,Godzilla,3.8111702127659575,3.949978942880371
f_0cdzQ,Road House,3.0799595141700404,3.7210908491171626
f_028jo,The Reaping,2.356194690265487,1.9682803904500232
f_029C2,The Fog,1.8289473684210529,2.254155977687321
f_0mK0a,Teenage Mutant Ninja Turtles: Mutant Mayhem,3.243927125506073,3.561459349275585
f_0yuDE,Anatomy of a Fall,3.516990291262136,3.975975319558916
f_02aOo,The Cabinet of Dr. Caligari,3.7144012944983817,3.258554653044848
f_01Q3M,Frontier(s),2.6172566371681416,3.5137320963258643
f_0v1PK,Godzilla × Kong: The New Empire,2.932186234817814,3.383993443906006
f_0qywG,Cobweb,3.5315533980582523,3.0225931774532278
f_0pnNk,The Dark and the Wicked,1.8903508771929824,2.7397113056008484
f_01WJE,What Ever Happened to Baby Jane?,3.6140776699029127,3.812385085062823
f_0bUeE,Jumanji: Welcome to the Jungle,3.2823624595469254,3.2468858109089505
f_021aY,Vampire's Kiss,2.8775303643724697,3.003677864731781
f_0ixu4,Jumanji: The Next Level,3.266181229773463,2.886326677700105
f_003dG,The Woman,3.2580906148867315,3.260712594690968
f_02b9Q,Armageddon,2.206140350877193,3.458798658051183
f_0Bz3C,All of Us Strangers,3.1224696356275303,3.2580818238112297
f_01TPk,The Amityville Horror,3.483009708737864,3.0930146068656827
f_00rwW,Tammy and the T-Rex,3.2054655870445345,2.9347418437882524
f_01QMM,Teeth,2.879554655870445,2.48952497680199
